model,MAP@12,Recall@12,NDCG@12
popularity,0.005273281112961699,0.018867964224571706,0.010832507305252535
item_item_cf,0.008570034906874241,0.023724263228275373,0.01483818100218523
ranker,0.029184822526167827,0.06915517196799557,0.04579858381406968
